zip,city,county,SPCS83_Code
75001,Addison,Dallas,4202
75002,Allen,Collin,4202
75006,Carrollton,Dallas,4202
75007,Carrollton,Denton,4202
75009,Celina,Collin,4202
75010,Carrollton,Denton,4202
75011,Carrollton,Dallas,4202
75013,Allen,Collin,4202
75014,Irving,Dallas,4202
75015,Irving,Dallas,4202
75016,Irving,Dallas,4202
75017,Irving,Dallas,4202
75019,Coppell,Dallas,4202
75020,Denison,Grayson,4202
75021,Denison,Grayson,4202
75022,Flower Mound,Denton,4202
75023,Plano,Collin,4202
75024,Plano,Collin,4202
75025,Plano,Collin,4202
75026,Plano,Collin,4202
75027,Flower Mound,Denton,4202
75028,Flower Mound,Denton,4202
75029,Lewisville,Denton,4202
75030,Rowlett,Dallas,4202
75032,Rockwall,Rockwall,4202
75033,Frisco,Denton,4202
75034,Frisco,Collin,4202
75035,Frisco,Collin,4202
75036,Frisco,Denton,4202
75037,Irving,Dallas,4202
75038,Irving,Dallas,4202
75039,Irving,Dallas,4202
75040,Garland,Dallas,4202
75041,Garland,Dallas,4202
75042,Garland,Dallas,4202
75043,Garland,Dallas,4202
75044,Garland,Dallas,4202
75045,Garland,Dallas,4202
75046,Garland,Dallas,4202
75047,Garland,Dallas,4202
75048,Sachse,Dallas,4202
75049,Garland,Dallas,4202
75050,Grand Prairie,Dallas,4202
75051,Grand Prairie,Dallas,4202
75052,Grand Prairie,Dallas,4202
75053,Grand Prairie,Dallas,4202
75054,Grand Prairie,Tarrant,4202
75056,The Colony,Denton,4202
75057,Lewisville,Denton,4202
75058,Gunter,Grayson,4202
75059,Irving,Dallas,4202
75060,Irving,Dallas,4202
75061,Irving,Dallas,4202
75062,Irving,Dallas,4202
75063,Irving,Dallas,4202
75064,Irving,Dallas,4202
75065,Lake Dallas,Denton,4202
75067,Lewisville,Denton,4202
75068,Little Elm,Denton,4202
75069,Mckinney,Collin,4202
75070,Mckinney,Collin,4202
75071,Mckinney,Collin,4202
75072,Mckinney,Collin,4202
75074,Plano,Collin,4202
75075,Plano,Collin,4202
75076,Pottsboro,Grayson,4202
75077,Lewisville,Denton,4202
75078,Prosper,Collin,4202
75080,Richardson,Dallas,4202
75081,Richardson,Dallas,4202
75082,Richardson,Collin,4202
75083,Richardson,Dallas,4202
75085,Richardson,Dallas,4202
75086,Plano,Collin,4202
75087,Rockwall,Rockwall,4202
75088,Rowlett,Dallas,4202
75089,Rowlett,Dallas,4202
75090,Sherman,Grayson,4202
75091,Sherman,Grayson,4202
75092,Sherman,Grayson,4202
75093,Plano,Collin,4202
75094,Plano,Collin,4202
75097,Weston,Collin,4202
75098,Wylie,Collin,4202
75099,Coppell,Dallas,4202
75101,Bardwell,Ellis,4202
75102,Barry,Navarro,4202
75103,Canton,Van Zandt,4202
75104,Cedar Hill,Dallas,4202
75105,Chatfield,Navarro,4202
75106,Cedar Hill,Dallas,4202
75109,Corsicana,Navarro,4202
75110,Corsicana,Navarro,4202
75114,Crandall,Kaufman,4202
75115,Desoto,Dallas,4202
75116,Duncanville,Dallas,4202
75117,Edgewood,Van Zandt,4202
75118,Elmo,Kaufman,4202
75119,Ennis,Ellis,4202
75120,Ennis,Ellis,4202
75121,Copeville,Collin,4202
75123,Desoto,Dallas,4202
75124,Eustace,Henderson,4202
75125,Ferris,Ellis,4202
75126,Forney,Kaufman,4202
75127,Fruitvale,Van Zandt,4202
75132,Fate,Rockwall,4202
75134,Lancaster,Dallas,4202
75135,Caddo Mills,Hunt,4202
75137,Duncanville,Dallas,4202
75138,Duncanville,Dallas,4202
75140,Grand Saline,Van Zandt,4202
75141,Hutchins,Dallas,4202
75142,Kaufman,Kaufman,4202
75143,Kemp,Henderson,4202
75144,Kerens,Navarro,4202
75146,Lancaster,Dallas,4202
75147,Mabank,Kaufman,4202
75148,Malakoff,Henderson,4202
75149,Mesquite,Dallas,4202
75150,Mesquite,Dallas,4202
75151,Corsicana,Navarro,4202
75152,Palmer,Ellis,4202
75153,Powell,Navarro,4202
75154,Red Oak,Ellis,4202
75155,Rice,Navarro,4202
75156,Mabank,Henderson,4202
75157,Rosser,Kaufman,4202
75158,Scurry,Kaufman,4202
75159,Seagoville,Dallas,4202
75160,Terrell,Kaufman,4202
75161,Terrell,Kaufman,4202
75163,Trinidad,Henderson,4202
75164,Josephine,Collin,4202
75165,Waxahachie,Ellis,4202
75166,Lavon,Collin,4202
75167,Waxahachie,Ellis,4202
75168,Waxahachie,Ellis,4202
75169,Wills Point,Van Zandt,4202
75172,Wilmer,Dallas,4202
75173,Nevada,Collin,4202
75180,Balch Springs,Dallas,4202
75181,Mesquite,Dallas,4202
75182,Sunnyvale,Dallas,4202
75185,Mesquite,Dallas,4202
75187,Mesquite,Dallas,4202
75189,Royse City,Rockwall,4202
75201,Dallas,Dallas,4202
75202,Dallas,Dallas,4202
75203,Dallas,Dallas,4202
75204,Dallas,Dallas,4202
75205,Dallas,Dallas,4202
75206,Dallas,Dallas,4202
75207,Dallas,Dallas,4202
75208,Dallas,Dallas,4202
75209,Dallas,Dallas,4202
75210,Dallas,Dallas,4202
75211,Dallas,Dallas,4202
75212,Dallas,Dallas,4202
75214,Dallas,Dallas,4202
75215,Dallas,Dallas,4202
75216,Dallas,Dallas,4202
75217,Dallas,Dallas,4202
75218,Dallas,Dallas,4202
75219,Dallas,Dallas,4202
75220,Dallas,Dallas,4202
75221,Dallas,Dallas,4202
75222,Dallas,Dallas,4202
75223,Dallas,Dallas,4202
75224,Dallas,Dallas,4202
75225,Dallas,Dallas,4202
75226,Dallas,Dallas,4202
75227,Dallas,Dallas,4202
75228,Dallas,Dallas,4202
75229,Dallas,Dallas,4202
75230,Dallas,Dallas,4202
75231,Dallas,Dallas,4202
75232,Dallas,Dallas,4202
75233,Dallas,Dallas,4202
75234,Dallas,Dallas,4202
75235,Dallas,Dallas,4202
75236,Dallas,Dallas,4202
75237,Dallas,Dallas,4202
75238,Dallas,Dallas,4202
75240,Dallas,Dallas,4202
75241,Dallas,Dallas,4202
75242,Dallas,Dallas,4202
75243,Dallas,Dallas,4202
75244,Dallas,Dallas,4202
75245,Dallas,Dallas,4202
75246,Dallas,Dallas,4202
75247,Dallas,Dallas,4202
75248,Dallas,Dallas,4202
75249,Dallas,Dallas,4202
75250,Dallas,Dallas,4202
75251,Dallas,Dallas,4202
75252,Dallas,Collin,4202
75253,Dallas,Dallas,4202
75254,Dallas,Dallas,4202
75258,Dallas,Dallas,4202
75260,Dallas,Dallas,4202
75261,Dallas,Tarrant,4202
75262,Dallas,Dallas,4202
75263,Dallas,Dallas,4202
75264,Dallas,Dallas,4202
75265,Dallas,Dallas,4202
75266,Dallas,Dallas,4202
75267,Dallas,Dallas,4202
75270,Dallas,Dallas,4202
75275,Dallas,Dallas,4202
75277,Dallas,Dallas,4202
75283,Dallas,Dallas,4202
75284,Dallas,Dallas,4202
75285,Dallas,Dallas,4202
75286,Dallas,Dallas,4202
75287,Dallas,Denton,4202
75301,Dallas,Dallas,4202
75303,Dallas,Dallas,4202
75310,Dallas,Dallas,4202
75312,Dallas,Dallas,4202
75313,Dallas,Dallas,4202
75315,Dallas,Dallas,4202
75320,Dallas,Dallas,4202
75323,Dallas,Dallas,4202
75326,Dallas,Dallas,4202
75334,Dallas,Dallas,4202
75336,Dallas,Dallas,4202
75339,Dallas,Dallas,4202
75340,Dallas,Dallas,4202
75342,Dallas,Dallas,4202
75343,Dallas,Dallas,4202
75344,Dallas,Dallas,4202
75353,Dallas,Dallas,4202
75354,Dallas,Dallas,4202
75355,Dallas,Dallas,4202
75356,Dallas,Dallas,4202
75357,Dallas,Dallas,4202
75358,Dallas,Dallas,4202
75359,Dallas,Dallas,4202
75360,Dallas,Dallas,4202
75363,Dallas,Dallas,4202
75364,Dallas,Dallas,4202
75367,Dallas,Dallas,4202
75368,Dallas,Dallas,4202
75370,Dallas,Dallas,4202
75371,Dallas,Dallas,4202
75372,Dallas,Dallas,4202
75373,Dallas,Dallas,4202
75374,Dallas,Dallas,4202
75376,Dallas,Dallas,4202
75378,Dallas,Dallas,4202
75379,Dallas,Dallas,4202
75380,Dallas,Dallas,4202
75381,Dallas,Dallas,4202
75382,Dallas,Dallas,4202
75386,Dallas,Dallas,4202
75387,Dallas,Dallas,4202
75388,Dallas,Dallas,4202
75389,Dallas,Dallas,4202
75390,Dallas,Dallas,4202
75391,Dallas,Dallas,4202
75392,Dallas,Dallas,4202
75393,Dallas,Dallas,4202
75394,Dallas,Dallas,4202
75395,Dallas,Dallas,4202
75396,Dallas,Dallas,4202
75397,Dallas,Dallas,4202
75398,Dallas,Dallas,4202
75401,Greenville,Hunt,4202
75402,Greenville,Hunt,4202
75403,Greenville,Hunt,4202
75404,Greenville,Hunt,4202
75407,Princeton,Collin,4202
75409,Anna,Collin,4202
75410,Alba,Wood,4202
75411,Arthur City,Lamar,4202
75412,Bagwell,Red River,4202
75413,Bailey,Fannin,4202
75414,Bells,Grayson,4202
75415,Ben Franklin,Delta,4202
75416,Blossom,Lamar,4202
75417,Bogata,Red River,4202
75418,Bonham,Fannin,4202
75420,Brashear,Hopkins,4202
75421,Brookston,Lamar,4202
75422,Campbell,Hunt,4202
75423,Celeste,Hunt,4202
75424,Blue Ridge,Collin,4202
75425,Chicota,Lamar,4202
75426,Clarksville,Red River,4202
75428,Commerce,Hunt,4202
75429,Commerce,Hunt,4202
75431,Como,Hopkins,4202
75432,Cooper,Delta,4202
75433,Cumby,Hopkins,4202
75434,Cunningham,Lamar,4202
75435,Deport,Lamar,4202
75436,Detroit,Red River,4202
75437,Dike,Hopkins,4202
75438,Dodd City,Fannin,4202
75439,Ector,Fannin,4202
75440,Emory,Rains,4202
75441,Enloe,Delta,4202
75442,Farmersville,Collin,4202
75443,Gober,Fannin,4202
75444,Golden,Wood,4202
75446,Honey Grove,Fannin,4202
75447,Ivanhoe,Fannin,4202
75448,Klondike,Delta,4202
75449,Ladonia,Fannin,4202
75450,Lake Creek,Delta,4202
75451,Leesburg,Camp,4202
75452,Leonard,Fannin,4202
75453,Lone Oak,Hunt,4202
75454,Melissa,Collin,4202
75455,Mount Pleasant,Titus,4202
75456,Mount Pleasant,Titus,4202
75457,Mount Vernon,Franklin,4202
75458,Merit,Hunt,4202
75459,Howe,Grayson,4202
75460,Paris,Lamar,4202
75461,Paris,Lamar,4202
75462,Paris,Lamar,4202
75468,Pattonville,Lamar,4202
75469,Pecan Gap,Delta,4202
75470,Petty,Lamar,4202
75471,Pickton,Hopkins,4202
75472,Point,Rains,4202
75473,Powderly,Lamar,4202
75474,Quinlan,Hunt,4202
75475,Randolph,Fannin,4202
75476,Ravenna,Fannin,4202
75477,Roxton,Lamar,4202
75478,Saltillo,Hopkins,4202
75479,Savoy,Fannin,4202
75480,Scroggins,Franklin,4202
75481,Sulphur Bluff,Hopkins,4202
75482,Sulphur Springs,Hopkins,4202
75483,Sulphur Springs,Hopkins,4202
75485,Westminster,Collin,4202
75486,Sumner,Lamar,4202
75487,Talco,Titus,4202
75488,Telephone,Fannin,4202
75489,Tom Bean,Grayson,4202
75490,Trenton,Fannin,4202
75491,Whitewright,Grayson,4202
75492,Windom,Fannin,4202
75493,Winfield,Titus,4202
75494,Winnsboro,Wood,4202
75495,Van Alstyne,Grayson,4202
75496,Wolfe City,Hunt,4202
75497,Yantis,Wood,4202
75501,Texarkana,Bowie,4202
75503,Texarkana,Bowie,4202
75504,Texarkana,Bowie,4202
75505,Texarkana,Bowie,4202
75507,Texarkana,Bowie,4202
75550,Annona,Red River,4202
75551,Atlanta,Cass,4202
75554,Avery,Red River,4202
75555,Bivins,Cass,4202
75556,Bloomburg,Cass,4202
75558,Cookville,Titus,4202
75559,De Kalb,Bowie,4202
75560,Douglassville,Cass,4202
75561,Hooks,Bowie,4202
75562,Kildare,Cass,4202
75563,Linden,Cass,4202
75564,Lodi,Cass,4202
75565,Mc Leod,Cass,4202
75566,Marietta,Cass,4202
75567,Maud,Bowie,4202
75568,Naples,Morris,4202
75569,Nash,Bowie,4202
75570,New Boston,Bowie,4202
75571,Omaha,Morris,4202
75572,Queen City,Cass,4202
75573,Redwater,Bowie,4202
75574,Simms,Bowie,4202
75599,Texarkana,Bowie,4202
75601,Longview,Gregg,4202
75602,Longview,Gregg,4202
75603,Longview,Gregg,4202
75604,Longview,Gregg,4202
75605,Longview,Gregg,4202
75606,Longview,Gregg,4202
75607,Longview,Gregg,4202
75608,Longview,Gregg,4202
75615,Longview,Gregg,4202
75630,Avinger,Marion,4202
75631,Beckville,Panola,4202
75633,Carthage,Panola,4202
75636,Cason,Morris,4202
75637,Clayton,Panola,4202
75638,Daingerfield,Morris,4202
75639,De Berry,Panola,4202
75640,Diana,Upshur,4202
75641,Easton,Gregg,4202
75642,Elysian Fields,Harrison,4202
75643,Gary,Panola,4202
75644,Gilmer,Upshur,4202
75645,Gilmer,Upshur,4202
75647,Gladewater,Gregg,4202
75650,Hallsville,Harrison,4202
75651,Harleton,Harrison,4202
75652,Henderson,Rusk,4202
75653,Henderson,Rusk,4202
75654,Henderson,Rusk,4202
75656,Hughes Springs,Cass,4202
75657,Jefferson,Marion,4202
75658,Joinerville,Rusk,4202
75659,Jonesville,Harrison,4202
75660,Judson,Gregg,4202
75661,Karnack,Harrison,4202
75662,Kilgore,Gregg,4202
75663,Kilgore,Gregg,4202
75666,Laird Hill,Rusk,4202
75667,Laneville,Rusk,4202
75668,Lone Star,Morris,4202
75669,Long Branch,Panola,4202
75670,Marshall,Harrison,4202
75671,Marshall,Harrison,4202
75672,Marshall,Harrison,4202
75680,Minden,Rusk,4202
75681,Mount Enterprise,Rusk,4202
75682,New London,Rusk,4202
75683,Ore City,Upshur,4202
75684,Overton,Rusk,4202
75685,Panola,Panola,4202
75686,Pittsburg,Camp,4202
75687,Price,Rusk,4202
75688,Scottsville,Harrison,4202
75689,Selman City,Rusk,4202
75691,Tatum,Rusk,4202
75692,Waskom,Harrison,4202
75693,White Oak,Gregg,4202
75694,Woodlawn,Harrison,4202
75701,Tyler,Smith,4202
75702,Tyler,Smith,4202
75703,Tyler,Smith,4202
75704,Tyler,Smith,4202
75705,Tyler,Smith,4202
75706,Tyler,Smith,4202
75707,Tyler,Smith,4202
75708,Tyler,Smith,4202
75709,Tyler,Smith,4202
75710,Tyler,Smith,4202
75711,Tyler,Smith,4202
75712,Tyler,Smith,4202
75713,Tyler,Smith,4202
75750,Arp,Smith,4202
75751,Athens,Henderson,4202
75752,Athens,Henderson,4202
75754,Ben Wheeler,Van Zandt,4202
75755,Big Sandy,Upshur,4202
75756,Brownsboro,Henderson,4202
75757,Bullard,Smith,4202
75758,Chandler,Henderson,4202
75759,Cuney,Cherokee,4203
75760,Cushing,Nacogdoches,4203
75762,Flint,Smith,4202
75763,Frankston,Anderson,4203
75764,Gallatin,Cherokee,4203
75765,Hawkins,Wood,4202
75766,Jacksonville,Cherokee,4203
75770,Larue,Henderson,4202
75771,Lindale,Smith,4202
75772,Maydelle,Cherokee,4203
75773,Mineola,Wood,4202
75778,Murchison,Henderson,4202
75779,Neches,Anderson,4203
75780,New Summerfield,Cherokee,4203
75782,Poynor,Henderson,4202
75783,Quitman,Wood,4202
75784,Reklaw,Rusk,4202
75785,Rusk,Cherokee,4203
75788,Sacul,Nacogdoches,4203
75789,Troup,Smith,4202
75790,Van,Van Zandt,4202
75791,Whitehouse,Smith,4202
75792,Winona,Smith,4202
75797,Big Sandy,Upshur,4202
75798,Tyler,Smith,4202
75799,Tyler,Smith,4202
75801,Palestine,Anderson,4203
75802,Palestine,Anderson,4203
75803,Palestine,Anderson,4203
75831,Buffalo,Leon,4203
75832,Cayuga,Anderson,4203
75833,Centerville,Leon,4203
75834,Centralia,Trinity,4203
75835,Crockett,Houston,4203
75838,Donie,Freestone,4203
75839,Elkhart,Anderson,4203
75840,Fairfield,Freestone,4203
75844,Grapeland,Houston,4203
75845,Groveton,Trinity,4203
75846,Jewett,Leon,4203
75847,Kennard,Houston,4203
75848,Kirvin,Freestone,4203
75849,Latexo,Houston,4203
75850,Leona,Leon,4203
75851,Lovelady,Houston,4203
75852,Midway,Madison,4203
75853,Montalba,Anderson,4203
75855,Oakwood,Leon,4203
75856,Pennington,Trinity,4203
75858,Ratcliff,Houston,4203
75859,Streetman,Freestone,4203
75860,Teague,Freestone,4203
75861,Tennessee Colony,Anderson,4203
75862,Trinity,Trinity,4203
75865,Woodlake,Trinity,4203
75880,Tennessee Colony,Anderson,4203
75882,Palestine,Anderson,4203
75884,Tennessee Colony,Anderson,4203
75886,Tennessee Colony,Anderson,4203
75901,Lufkin,Angelina,4203
75902,Lufkin,Angelina,4203
75903,Lufkin,Angelina,4203
75904,Lufkin,Angelina,4203
75915,Lufkin,Angelina,4203
75925,Alto,Cherokee,4203
75926,Apple Springs,Trinity,4203
75928,Bon Wier,Newton,4203
75929,Broaddus,San Augustine,4203
75930,Bronson,Sabine,4203
75931,Brookeland,Jasper,4203
75932,Burkeville,Newton,4203
75933,Call,Newton,4203
75934,Camden,Polk,4203
75935,Center,Shelby,4203
75936,Chester,Tyler,4203
75937,Chireno,Nacogdoches,4203
75938,Colmesneil,Tyler,4203
75939,Corrigan,Polk,4203
75941,Diboll,Angelina,4203
75942,Doucette,Tyler,4203
75943,Douglass,Nacogdoches,4203
75944,Etoile,Nacogdoches,4203
75946,Garrison,Nacogdoches,4203
75948,Hemphill,Sabine,4203
75949,Huntington,Angelina,4203
75951,Jasper,Jasper,4203
75954,Joaquin,Shelby,4203
75956,Kirbyville,Jasper,4203
75958,Martinsville,Nacogdoches,4203
75959,Milam,Sabine,4203
75960,Moscow,Polk,4203
75961,Nacogdoches,Nacogdoches,4203
75962,Nacogdoches,Nacogdoches,4203
75963,Nacogdoches,Nacogdoches,4203
75964,Nacogdoches,Nacogdoches,4203
75965,Nacogdoches,Nacogdoches,4203
75966,Newton,Newton,4203
75968,Pineland,Sabine,4203
75969,Pollok,Angelina,4203
75972,San Augustine,San Augustine,4203
75973,Shelbyville,Shelby,4203
75974,Tenaha,Shelby,4203
75975,Timpson,Shelby,4203
75976,Wells,Cherokee,4203
75977,Wiergate,Newton,4203
75978,Woden,Nacogdoches,4203
75979,Woodville,Tyler,4203
75980,Zavalla,Angelina,4203
75990,Woodville,Tyler,4203
76001,Arlington,Tarrant,4202
76002,Arlington,Tarrant,4202
76003,Arlington,Tarrant,4202
76004,Arlington,Tarrant,4202
76005,Arlington,Tarrant,4202
76006,Arlington,Tarrant,4202
76007,Arlington,Tarrant,4202
76008,Aledo,Parker,4202
76009,Alvarado,Johnson,4202
76010,Arlington,Tarrant,4202
76011,Arlington,Tarrant,4202
76012,Arlington,Tarrant,4202
76013,Arlington,Tarrant,4202
76014,Arlington,Tarrant,4202
76015,Arlington,Tarrant,4202
76016,Arlington,Tarrant,4202
76017,Arlington,Tarrant,4202
76018,Arlington,Tarrant,4202
76019,Arlington,Tarrant,4202
76020,Azle,Tarrant,4202
76021,Bedford,Tarrant,4202
76022,Bedford,Tarrant,4202
76023,Boyd,Wise,4202
76028,Burleson,Johnson,4202
76031,Cleburne,Johnson,4202
76033,Cleburne,Johnson,4202
76034,Colleyville,Tarrant,4202
76035,Cresson,Parker,4202
76036,Crowley,Tarrant,4202
76039,Euless,Tarrant,4202
76040,Euless,Tarrant,4202
76041,Forreston,Ellis,4202
76043,Glen Rose,Somervell,4202
76044,Godley,Johnson,4202
76048,Granbury,Hood,4202
76049,Granbury,Hood,4202
76050,Grandview,Johnson,4202
76051,Grapevine,Tarrant,4202
76052,Haslet,Tarrant,4202
76053,Hurst,Tarrant,4202
76054,Hurst,Tarrant,4202
76055,Itasca,Hill,4202
76058,Joshua,Johnson,4202
76059,Keene,Johnson,4202
76060,Kennedale,Tarrant,4202
76061,Lillian,Johnson,4202
76063,Mansfield,Tarrant,4202
76064,Maypearl,Ellis,4202
76065,Midlothian,Ellis,4202
76066,Millsap,Parker,4202
76067,Mineral Wells,Palo Pinto,4202
76068,Mineral Wells,Parker,4202
76070,Nemo,Somervell,4202
76071,Newark,Wise,4202
76073,Paradise,Wise,4202
76077,Rainbow,Somervell,4202
76078,Rhome,Wise,4202
76082,Springtown,Parker,4202
76084,Venus,Johnson,4202
76085,Weatherford,Parker,4202
76086,Weatherford,Parker,4202
76087,Weatherford,Parker,4202
76088,Weatherford,Parker,4202
76092,Southlake,Tarrant,4202
76093,Rio Vista,Johnson,4202
76094,Arlington,Tarrant,4202
76095,Bedford,Tarrant,4202
76096,Arlington,Tarrant,4202
76097,Burleson,Johnson,4202
76098,Azle,Tarrant,4202
76099,Grapevine,Tarrant,4202
76101,Fort Worth,Tarrant,4202
76102,Fort Worth,Tarrant,4202
76103,Fort Worth,Tarrant,4202
76104,Fort Worth,Tarrant,4202
76105,Fort Worth,Tarrant,4202
76106,Fort Worth,Tarrant,4202
76107,Fort Worth,Tarrant,4202
76108,Fort Worth,Tarrant,4202
76109,Fort Worth,Tarrant,4202
76110,Fort Worth,Tarrant,4202
76111,Fort Worth,Tarrant,4202
76112,Fort Worth,Tarrant,4202
76113,Fort Worth,Tarrant,4202
76114,Fort Worth,Tarrant,4202
76115,Fort Worth,Tarrant,4202
76116,Fort Worth,Tarrant,4202
76117,Haltom City,Tarrant,4202
76118,Fort Worth,Tarrant,4202
76119,Fort Worth,Tarrant,4202
76120,Fort Worth,Tarrant,4202
76121,Fort Worth,Tarrant,4202
76122,Fort Worth,Tarrant,4202
76123,Fort Worth,Tarrant,4202
76124,Fort Worth,Tarrant,4202
76126,Fort Worth,Tarrant,4202
76127,Naval Air Station Jrb,Tarrant,4202
76129,Fort Worth,Tarrant,4202
76130,Fort Worth,Tarrant,4202
76131,Fort Worth,Tarrant,4202
76132,Fort Worth,Tarrant,4202
76133,Fort Worth,Tarrant,4202
76134,Fort Worth,Tarrant,4202
76135,Fort Worth,Tarrant,4202
76136,Fort Worth,Tarrant,4202
76137,Fort Worth,Tarrant,4202
76140,Fort Worth,Tarrant,4202
76147,Fort Worth,Tarrant,4202
76148,Fort Worth,Tarrant,4202
76150,Fort Worth,Tarrant,4202
76155,Fort Worth,Tarrant,4202
76161,Fort Worth,Tarrant,4202
76162,Fort Worth,Tarrant,4202
76163,Fort Worth,Tarrant,4202
76164,Fort Worth,Tarrant,4202
76166,Fort Worth,Tarrant,4202
76177,Fort Worth,Tarrant,4202
76179,Fort Worth,Tarrant,4202
76180,North Richland Hills,Tarrant,4202
76181,Fort Worth,Tarrant,4202
76182,North Richland Hills,Tarrant,4202
76185,Fort Worth,Tarrant,4202
76190,Fort Worth,Tarrant,4202
76191,Fort Worth,Tarrant,4202
76192,Fort Worth,Tarrant,4202
76193,Fort Worth,Tarrant,4202
76195,Fort Worth,Tarrant,4202
76196,Fort Worth,Tarrant,4202
76197,Fort Worth,Tarrant,4202
76198,Fort Worth,Tarrant,4202
76199,Fort Worth,Tarrant,4202
76201,Denton,Denton,4202
76202,Denton,Denton,4202
76203,Denton,Denton,4202
76204,Denton,Denton,4202
76205,Denton,Denton,4202
76206,Denton,Denton,4202
76207,Denton,Denton,4202
76208,Denton,Denton,4202
76209,Denton,Denton,4202
76210,Denton,Denton,4202
76225,Alvord,Wise,4202
76226,Argyle,Denton,4202
76227,Aubrey,Denton,4202
76228,Bellevue,Clay,4202
76230,Bowie,Montague,4202
76233,Collinsville,Grayson,4202
76234,Decatur,Wise,4202
76238,Era,Cooke,4202
76239,Forestburg,Montague,4202
76240,Gainesville,Cooke,4202
76241,Gainesville,Cooke,4202
76244,Keller,Tarrant,4202
76245,Gordonville,Grayson,4202
76246,Greenwood,Wise,4202
76247,Justin,Denton,4202
76248,Keller,Tarrant,4202
76249,Krum,Denton,4202
76250,Lindsay,Cooke,4202
76251,Montague,Montague,4202
76252,Muenster,Cooke,4202
76253,Myra,Cooke,4202
76255,Nocona,Montague,4202
76258,Pilot Point,Denton,4202
76259,Ponder,Denton,4202
76261,Ringgold,Montague,4202
76262,Roanoke,Denton,4202
76263,Rosston,Cooke,4202
76264,Sadler,Grayson,4202
76265,Saint Jo,Montague,4202
76266,Sanger,Denton,4202
76267,Slidell,Wise,4202
76268,Southmayd,Grayson,4202
76270,Sunset,Montague,4202
76271,Tioga,Grayson,4202
76272,Valley View,Cooke,4202
76273,Whitesboro,Grayson,4202
76299,Roanoke,Denton,4202
76301,Wichita Falls,Wichita,4202
76302,Wichita Falls,Wichita,4202
76305,Wichita Falls,Wichita,4202
76306,Wichita Falls,Wichita,4202
76307,Wichita Falls,Wichita,4202
76308,Wichita Falls,Wichita,4202
76309,Wichita Falls,Wichita,4202
76310,Wichita Falls,Wichita,4202
76311,Sheppard AFB,Wichita,4202
76351,Archer City,Archer,4202
76352,Bluegrove,Clay,4202
76354,Burkburnett,Wichita,4202
76357,Byers,Clay,4202
76360,Electra,Wichita,4202
76363,Goree,Knox,4202
76364,Harrold,Wilbarger,4202
76365,Henrietta,Clay,4202
76366,Holliday,Archer,4202
76367,Iowa Park,Wichita,4202
76369,Kamay,Wichita,4202
76370,Megargel,Archer,4202
76371,Munday,Knox,4202
76372,Newcastle,Young,4202
76373,Oklaunion,Wilbarger,4202
76374,Olney,Young,4202
76377,Petrolia,Clay,4202
76379,Scotland,Archer,4202
76380,Seymour,Baylor,4202
76384,Vernon,Wilbarger,4202
76385,Vernon,Wilbarger,4202
76388,Weinert,Haskell,4202
76389,Windthorst,Archer,4202
76401,Stephenville,Erath,4202
76402,Stephenville,Erath,4202
76424,Breckenridge,Stephens,4202
76426,Bridgeport,Wise,4202
76427,Bryson,Jack,4202
76429,Caddo,Stephens,4202
76430,Albany,Shackelford,4202
76431,Chico,Wise,4202
76432,Blanket,Brown,4203
76433,Bluff Dale,Erath,4202
76435,Carbon,Eastland,4202
76436,Carlton,Hamilton,4203
76437,Cisco,Eastland,4202
76439,Dennis,Parker,4202
76442,Comanche,Comanche,4203
76443,Cross Plains,Callahan,4202
76444,De Leon,Comanche,4203
76445,Desdemona,Eastland,4202
76446,Dublin,Erath,4202
76448,Eastland,Eastland,4202
76449,Graford,Palo Pinto,4202
76450,Graham,Young,4202
76452,Energy,Comanche,4203
76453,Gordon,Palo Pinto,4202
76454,Gorman,Eastland,4202
76455,Gustine,Comanche,4203
76457,Hico,Hamilton,4203
76458,Jacksboro,Jack,4202
76459,Jermyn,Jack,4202
76460,Loving,Young,4202
76461,Lingleville,Erath,4202
76462,Lipan,Hood,4202
76463,Mingus,Palo Pinto,4202
76464,Moran,Shackelford,4202
76465,Morgan Mill,Erath,4202
76466,Olden,Eastland,4202
76467,Paluxy,Hood,4202
76468,Proctor,Comanche,4203
76469,Putnam,Callahan,4202
76470,Ranger,Eastland,4202
76471,Rising Star,Eastland,4202
76472,Santo,Palo Pinto,4202
76474,Sidney,Comanche,4203
76475,Strawn,Palo Pinto,4202
76476,Tolar,Hood,4202
76481,South Bend,Young,4202
76483,Throckmorton,Throckmorton,4202
76484,Palo Pinto,Palo Pinto,4202
76485,Peaster,Parker,4202
76486,Perrin,Jack,4202
76487,Poolville,Parker,4202
76490,Whitt,Parker,4202
76491,Woodson,Throckmorton,4202
76501,Temple,Bell,4203
76502,Temple,Bell,4203
76503,Temple,Bell,4203
76504,Temple,Bell,4203
76505,Temple,Bell,4203
76508,Temple,Bell,4203
76511,Bartlett,Williamson,4203
76513,Belton,Bell,4203
76518,Buckholts,Milam,4203
76519,Burlington,Bell,4203
76520,Cameron,Milam,4203
76522,Copperas Cove,Coryell,4203
76523,Davilla,Milam,4203
76524,Eddy,McLennan,4203
76525,Evant,Coryell,4203
76526,Flat,Coryell,4203
76527,Florence,Williamson,4203
76528,Gatesville,Coryell,4203
76530,Granger,Williamson,4203
76531,Hamilton,Hamilton,4203
76533,Heidenheimer,Bell,4203
76534,Holland,Bell,4203
76537,Jarrell,Williamson,4203
76538,Jonesboro,Coryell,4203
76539,Kempner,Lampasas,4203
76540,Killeen,Bell,4203
76541,Killeen,Bell,4203
76542,Killeen,Bell,4203
76543,Killeen,Bell,4203
76544,Fort Hood,Coryell,4203
76545,Killeen,Bell,4203
76546,Killeen,Bell,4203
76547,Killeen,Bell,4203
76548,Harker Heights,Bell,4203
76549,Killeen,Bell,4203
76550,Lampasas,Lampasas,4203
76554,Little River Academy,Bell,4203
76556,Milano,Milam,4203
76557,Moody,McLennan,4203
76558,Mound,Coryell,4203
76559,Nolanville,Bell,4203
76561,Oglesby,Coryell,4203
76564,Pendleton,Bell,4203
76565,Pottsville,Hamilton,4203
76566,Purmela,Coryell,4203
76567,Rockdale,Milam,4203
76569,Rogers,Bell,4203
76570,Rosebud,Falls,4203
76571,Salado,Bell,4203
76573,Schwertner,Williamson,4203
76574,Taylor,Williamson,4203
76577,Thorndale,Milam,4203
76578,Thrall,Williamson,4203
76579,Troy,Bell,4203
76596,Gatesville,Coryell,4203
76597,Gatesville,Coryell,4203
76598,Gatesville,Coryell,4203
76599,Gatesville,Coryell,4203
76621,Abbott,Hill,4202
76622,Aquilla,Hill,4202
76623,Avalon,Ellis,4202
76624,Axtell,McLennan,4203
76626,Blooming Grove,Navarro,4202
76627,Blum,Hill,4202
76628,Brandon,Hill,4202
76629,Bremond,Robertson,4203
76630,Bruceville,McLennan,4203
76631,Bynum,Hill,4202
76632,Chilton,Falls,4203
76633,China Spring,McLennan,4203
76634,Clifton,Bosque,4203
76635,Coolidge,Limestone,4203
76636,Covington,Hill,4202
76637,Cranfills Gap,Bosque,4203
76638,Crawford,McLennan,4203
76639,Dawson,Navarro,4202
76640,Elm Mott,McLennan,4203
76641,Frost,Navarro,4202
76642,Groesbeck,Limestone,4203
76643,Hewitt,McLennan,4203
76644,Laguna Park,Bosque,4203
76645,Hillsboro,Hill,4202
76648,Hubbard,Hill,4202
76649,Iredell,Bosque,4203
76650,Irene,Hill,4202
76651,Italy,Ellis,4202
76652,Kopperl,Bosque,4203
76653,Kosse,Limestone,4203
76654,Leroy,McLennan,4203
76655,Lorena,McLennan,4203
76656,Lott,Falls,4203
76657,Mc Gregor,McLennan,4203
76660,Malone,Hill,4202
76661,Marlin,Falls,4203
76664,Mart,McLennan,4203
76665,Meridian,Bosque,4203
76666,Mertens,Hill,4202
76667,Mexia,Limestone,4203
76670,Milford,Ellis,4202
76671,Morgan,Bosque,4203
76673,Mount Calm,Hill,4202
76676,Penelope,Hill,4202
76678,Prairie Hill,Limestone,4203
76679,Purdon,Navarro,4202
76680,Reagan,Falls,4203
76681,Richland,Navarro,4202
76682,Riesel,McLennan,4203
76684,Ross,McLennan,4203
76685,Satin,Falls,4203
76686,Tehuacana,Limestone,4203
76687,Thornton,Limestone,4203
76689,Valley Mills,Bosque,4203
76690,Walnut Springs,Bosque,4203
76691,West,McLennan,4203
76692,Whitney,Hill,4202
76693,Wortham,Freestone,4203
76701,Waco,McLennan,4203
76702,Waco,Mclennan,4203
76703,Waco,Mclennan,4203
76704,Waco,McLennan,4203
76705,Waco,McLennan,4203
76706,Waco,McLennan,4203
76707,Waco,McLennan,4203
76708,Waco,McLennan,4203
76710,Waco,McLennan,4203
76711,Waco,McLennan,4203
76712,Woodway,McLennan,4203
76714,Waco,Mclennan,4203
76715,Waco,Mclennan,4203
76716,Waco,Mclennan,4203
76795,Waco,Mclennan,4203
76797,Waco,Mclennan,4203
76798,Waco,McLennan,4203
76799,Waco,Mclennan,4203
76801,Brownwood,Brown,4203
76802,Early,Brown,4203
76803,Early,Brown,4203
76804,Brownwood,Brown,4203
76820,Art,Mason,4203
76821,Ballinger,Runnels,4203
76823,Bangs,Brown,4203
76824,Bend,San Saba,4203
76825,Brady,McCulloch,4203
76827,Brookesmith,Brown,4203
76828,Burkett,Coleman,4203
76831,Castell,Llano,4203
76832,Cherokee,San Saba,4203
76834,Coleman,Coleman,4203
76836,Doole,McCulloch,4203
76837,Eden,Concho,4203
76841,Fort Mc Kavett,Menard,4203
76842,Fredonia,Mason,4203
76844,Goldthwaite,Mills,4203
76845,Gouldbusk,Coleman,4203
76848,Hext,Menard,4203
76849,Junction,Kimble,4203
76852,Lohn,McCulloch,4203
76853,Lometa,Lampasas,4203
76854,London,Kimble,4203
76855,Lowake,Concho,4203
76856,Mason,Mason,4203
76857,May,Brown,4203
76858,Melvin,McCulloch,4203
76859,Menard,Menard,4203
76861,Miles,Runnels,4203
76862,Millersview,Concho,4203
76864,Mullin,Mills,4203
76865,Norton,Runnels,4203
76866,Paint Rock,Concho,4203
76869,Pontotoc,Mason,4203
76870,Priddy,Mills,4203
76871,Richland Springs,San Saba,4203
76872,Rochelle,McCulloch,4203
76873,Rockwood,Coleman,4203
76874,Roosevelt,Sutton,4203
76875,Rowena,Runnels,4203
76877,San Saba,San Saba,4203
76878,Santa Anna,Coleman,4203
76880,Star,Mills,4203
76882,Talpa,Coleman,4203
76883,Telegraph,Kimble,4203
76884,Valera,Coleman,4203
76885,Valley Spring,Llano,4203
76886,Veribest,Tom Green,4203
76887,Voca,McCulloch,4203
76888,Voss,Coleman,4203
76890,Zephyr,Brown,4203
76901,San Angelo,Tom Green,4203
76902,San Angelo,Tom Green,4203
76903,San Angelo,Tom Green,4203
76904,San Angelo,Tom Green,4203
76905,San Angelo,Tom Green,4203
76906,San Angelo,Tom Green,4203
76908,Goodfellow AFB,Tom Green,4203
76909,San Angelo,Tom Green,4203
76930,Barnhart,Irion,4203
76932,Big Lake,Reagan,4203
76933,Bronte,Coke,4203
76934,Carlsbad,Tom Green,4203
76935,Christoval,Tom Green,4203
76936,Eldorado,Schleicher,4203
76937,Eola,Tom Green,4203
76939,Knickerbocker,Tom Green,4203
76940,Mereta,Tom Green,4203
76941,Mertzon,Irion,4203
76943,Ozona,Crockett,4203
76945,Robert Lee,Coke,4203
76949,Silver,Coke,4203
76950,Sonora,Sutton,4203
76951,Sterling City,Sterling,4203
76953,Tennyson,Coke,4203
76955,Vancourt,Tom Green,4203
76957,Wall,Tom Green,4203
76958,Water Valley,Tom Green,4203
77001,Houston,Harris,4204
77002,Houston,Harris,4204
77003,Houston,Harris,4204
77004,Houston,Harris,4204
77005,Houston,Harris,4204
77006,Houston,Harris,4204
77007,Houston,Harris,4204
77008,Houston,Harris,4204
77009,Houston,Harris,4204
77010,Houston,Harris,4204
77011,Houston,Harris,4204
77012,Houston,Harris,4204
77013,Houston,Harris,4204
77014,Houston,Harris,4204
77015,Houston,Harris,4204
77016,Houston,Harris,4204
77017,Houston,Harris,4204
77018,Houston,Harris,4204
77019,Houston,Harris,4204
77020,Houston,Harris,4204
77021,Houston,Harris,4204
77022,Houston,Harris,4204
77023,Houston,Harris,4204
77024,Houston,Harris,4204
77025,Houston,Harris,4204
77026,Houston,Harris,4204
77027,Houston,Harris,4204
77028,Houston,Harris,4204
77029,Houston,Harris,4204
77030,Houston,Harris,4204
77031,Houston,Harris,4204
77032,Houston,Harris,4204
77033,Houston,Harris,4204
77034,Houston,Harris,4204
77035,Houston,Harris,4204
77036,Houston,Harris,4204
77037,Houston,Harris,4204
77038,Houston,Harris,4204
77039,Houston,Harris,4204
77040,Houston,Harris,4204
77041,Houston,Harris,4204
77042,Houston,Harris,4204
77043,Houston,Harris,4204
77044,Houston,Harris,4204
77045,Houston,Harris,4204
77046,Houston,Harris,4204
77047,Houston,Harris,4204
77048,Houston,Harris,4204
77049,Houston,Harris,4204
77050,Houston,Harris,4204
77051,Houston,Harris,4204
77052,Houston,Harris,4204
77053,Houston,Fort Bend,4204
77054,Houston,Harris,4204
77055,Houston,Harris,4204
77056,Houston,Harris,4204
77057,Houston,Harris,4204
77058,Houston,Harris,4204
77059,Houston,Harris,4204
77060,Houston,Harris,4204
77061,Houston,Harris,4204
77062,Houston,Harris,4204
77063,Houston,Harris,4204
77064,Houston,Harris,4204
77065,Houston,Harris,4204
77066,Houston,Harris,4204
77067,Houston,Harris,4204
77068,Houston,Harris,4204
77069,Houston,Harris,4204
77070,Houston,Harris,4204
77071,Houston,Harris,4204
77072,Houston,Harris,4204
77073,Houston,Harris,4204
77074,Houston,Harris,4204
77075,Houston,Harris,4204
77076,Houston,Harris,4204
77077,Houston,Harris,4204
77078,Houston,Harris,4204
77079,Houston,Harris,4204
77080,Houston,Harris,4204
77081,Houston,Harris,4204
77082,Houston,Harris,4204
77083,Houston,Harris,4204
77084,Houston,Harris,4204
77085,Houston,Harris,4204
77086,Houston,Harris,4204
77087,Houston,Harris,4204
77088,Houston,Harris,4204
77089,Houston,Harris,4204
77090,Houston,Harris,4204
77091,Houston,Harris,4204
77092,Houston,Harris,4204
77093,Houston,Harris,4204
77094,Houston,Harris,4204
77095,Houston,Harris,4204
77096,Houston,Harris,4204
77097,Houston,Harris,4204
77098,Houston,Harris,4204
77099,Houston,Harris,4204
77201,Houston,Harris,4204
77202,Houston,Harris,4204
77203,Houston,Harris,4204
77204,Houston,Harris,4204
77205,Houston,Harris,4204
77206,Houston,Harris,4204
77207,Houston,Harris,4204
77208,Houston,Harris,4204
77209,Houston,Harris,4204
77210,Houston,Harris,4204
77212,Houston,Harris,4204
77213,Houston,Harris,4204
77215,Houston,Harris,4204
77216,Houston,Harris,4204
77217,Houston,Harris,4204
77218,Houston,Harris,4204
77219,Houston,Harris,4204
77220,Houston,Harris,4204
77221,Houston,Harris,4204
77222,Houston,Harris,4204
77223,Houston,Harris,4204
77224,Houston,Harris,4204
77225,Houston,Harris,4204
77226,Houston,Harris,4204
77227,Houston,Harris,4204
77228,Houston,Harris,4204
77229,Houston,Harris,4204
77230,Houston,Harris,4204
77231,Houston,Harris,4204
77233,Houston,Harris,4204
77234,Houston,Harris,4204
77235,Houston,Harris,4204
77236,Houston,Harris,4204
77237,Houston,Harris,4204
77238,Houston,Harris,4204
77240,Houston,Harris,4204
77241,Houston,Harris,4204
77242,Houston,Harris,4204
77243,Houston,Harris,4204
77244,Houston,Harris,4204
77245,Houston,Harris,4204
77246,Houston,Harris,4204
77247,Houston,Harris,4204
77248,Houston,Harris,4204
77249,Houston,Harris,4204
77250,Houston,Harris,4204
77251,Houston,Harris,4204
77252,Houston,Harris,4204
77253,Houston,Harris,4204
77254,Houston,Harris,4204
77255,Houston,Harris,4204
77256,Houston,Harris,4204
77257,Houston,Harris,4204
77258,Houston,Harris,4204
77259,Houston,Harris,4204
77260,Houston,Harris,4204
77261,Houston,Harris,4204
77262,Houston,Harris,4204
77263,Houston,Harris,4204
77265,Houston,Harris,4204
77266,Houston,Harris,4204
77267,Houston,Harris,4204
77268,Houston,Harris,4204
77269,Houston,Harris,4204
77270,Houston,Harris,4204
77271,Houston,Harris,4204
77272,Houston,Harris,4204
77273,Houston,Harris,4204
77274,Houston,Harris,4204
77275,Houston,Harris,4204
77276,Houston,Harris,4204
77277,Houston,Harris,4204
77278,Houston,Harris,4204
77279,Houston,Harris,4204
77280,Houston,Harris,4204
77282,Houston,Harris,4204
77284,Houston,Harris,4204
77285,Houston,Harris,4204
77286,Houston,Harris,4204
77287,Houston,Harris,4204
77288,Houston,Harris,4204
77289,Houston,Harris,4204
77290,Houston,Harris,4204
77291,Houston,Harris,4204
77292,Houston,Harris,4204
77293,Houston,Harris,4204
77294,Houston,Harris,4204
77296,Houston,Harris,4204
77297,Houston,Harris,4204
77298,Houston,Harris,4204
77299,Houston,Harris,4204
77301,Conroe,Montgomery,4203
77302,Conroe,Montgomery,4203
77303,Conroe,Montgomery,4203
77304,Conroe,Montgomery,4203
77305,Conroe,Montgomery,4203
77306,Conroe,Montgomery,4203
77315,North Houston,Harris,4204
77316,Montgomery,Montgomery,4203
77318,Willis,Montgomery,4203
77320,Huntsville,Walker,4203
77325,Kingwood,Harris,4204
77326,Ace,Polk,4203
77327,Cleveland,Liberty,4203
77328,Cleveland,Montgomery,4203
77331,Coldspring,San Jacinto,4203
77332,Dallardsville,Polk,4203
77333,Dobbin,Montgomery,4203
77334,Dodge,Walker,4203
77335,Goodrich,Polk,4203
77336,Huffman,Harris,4204
77337,Hufsmith,Harris,4204
77338,Humble,Harris,4204
77339,Kingwood,Harris,4204
77340,Huntsville,Walker,4203
77341,Huntsville,Walker,4203
77342,Huntsville,Walker,4203
77343,Huntsville,Walker,4203
77344,Huntsville,Walker,4203
77345,Kingwood,Harris,4204
77346,Humble,Harris,4204
77347,Humble,Harris,4204
77348,Huntsville,Walker,4203
77349,Huntsville,Walker,4203
77350,Leggett,Polk,4203
77351,Livingston,Polk,4203
77353,Magnolia,Montgomery,4203
77354,Magnolia,Montgomery,4203
77355,Magnolia,Montgomery,4203
77356,Montgomery,Montgomery,4203
77357,New Caney,Montgomery,4203
77358,New Waverly,Walker,4203
77359,Oakhurst,San Jacinto,4203
77360,Onalaska,Polk,4203
77362,Pinehurst,Montgomery,4203
77363,Plantersville,Grimes,4203
77364,Pointblank,San Jacinto,4203
77365,Porter,Montgomery,4203
77367,Riverside,Walker,4203
77368,Romayor,Liberty,4203
77369,Rye,Liberty,4203
77371,Shepherd,San Jacinto,4203
77372,Splendora,Montgomery,4203
77373,Spring,Harris,4204
77374,Thicket,Hardin,4203
77375,Tomball,Harris,4204
77376,Votaw,Hardin,4203
77377,Tomball,Harris,4204
77378,Willis,Montgomery,4203
77379,Spring,Harris,4204
77380,Spring,Montgomery,4203
77381,Spring,Montgomery,4203
77382,Spring,Montgomery,4203
77383,Spring,Harris,4204
77384,Conroe,Montgomery,4203
77385,Conroe,Montgomery,4203
77386,Spring,Montgomery,4203
77387,Spring,Harris,4204
77388,Spring,Harris,4204
77389,Spring,Harris,4204
77391,Spring,Harris,4204
77393,Spring,Harris,4204
77396,Humble,Harris,4204
77399,Livingston,Polk,4203
77401,Bellaire,Harris,4204
77402,Bellaire,Harris,4204
77404,Bay City,Matagorda,4204
77406,Richmond,Fort Bend,4204
77407,Richmond,Fort Bend,4204
77410,Cypress,Harris,4204
77411,Alief,Harris,4204
77412,Altair,Colorado,4204
77413,Barker,Harris,4204
77414,Bay City,Matagorda,4204
77415,Cedar Lane,Matagorda,4204
77417,Beasley,Fort Bend,4204
77418,Bellville,Austin,4204
77419,Blessing,Matagorda,4204
77420,Boling,Wharton,4204
77422,Brazoria,Brazoria,4204
77423,Brookshire,Waller,4204
77426,Chappell Hill,Washington,4203
77428,Collegeport,Matagorda,4204
77429,Cypress,Harris,4204
77430,Damon,Brazoria,4204
77431,Danciger,Brazoria,4204
77432,Danevang,Wharton,4204
77433,Cypress,Harris,4204
77434,Eagle Lake,Colorado,4204
77435,East Bernard,Wharton,4204
77436,Egypt,Wharton,4204
77437,El Campo,Wharton,4204
77440,Elmaton,Matagorda,4204
77441,Fulshear,Fort Bend,4204
77442,Garwood,Colorado,4204
77443,Glen Flora,Wharton,4204
77444,Guy,Fort Bend,4204
77445,Hempstead,Waller,4204
77446,Prairie View,Waller,4204
77447,Hockley,Harris,4204
77448,Hungerford,Wharton,4204
77449,Katy,Harris,4204
77450,Katy,Harris,4204
77451,Kendleton,Fort Bend,4204
77452,Kenney,Austin,4204
77453,Lane City,Wharton,4204
77454,Lissie,Wharton,4204
77455,Louise,Wharton,4204
77456,Markham,Matagorda,4204
77457,Matagorda,Matagorda,4204
77458,Midfield,Matagorda,4204
77459,Missouri City,Fort Bend,4204
77460,Nada,Colorado,4204
77461,Needville,Fort Bend,4204
77463,Old Ocean,Brazoria,4204
77464,Orchard,Fort Bend,4204
77465,Palacios,Matagorda,4204
77466,Pattison,Waller,4204
77467,Pierce,Wharton,4204
77468,Pledger,Matagorda,4204
77469,Richmond,Fort Bend,4204
77470,Rock Island,Colorado,4204
77471,Rosenberg,Fort Bend,4204
77473,San Felipe,Austin,4204
77474,Sealy,Austin,4204
77475,Sheridan,Colorado,4204
77476,Simonton,Fort Bend,4204
77477,Stafford,Fort Bend,4204
77478,Sugar Land,Fort Bend,4204
77479,Sugar Land,Fort Bend,4204
77480,Sweeny,Brazoria,4204
77481,Thompsons,Fort Bend,4204
77482,Van Vleck,Matagorda,4204
77483,Wadsworth,Matagorda,4204
77484,Waller,Waller,4204
77485,Wallis,Austin,4204
77486,West Columbia,Brazoria,4204
77487,Sugar Land,Fort Bend,4204
77488,Wharton,Wharton,4204
77489,Missouri City,Fort Bend,4204
77491,Katy,Waller,4204
77492,Katy,Waller,4204
77493,Katy,Harris,4204
77494,Katy,Fort Bend,4204
77496,Sugar Land,Fort Bend,4204
77497,Stafford,Fort Bend,4204
77498,Sugar Land,Fort Bend,4204
77501,Pasadena,Harris,4204
77502,Pasadena,Harris,4204
77503,Pasadena,Harris,4204
77504,Pasadena,Harris,4204
77505,Pasadena,Harris,4204
77506,Pasadena,Harris,4204
77507,Pasadena,Harris,4204
77508,Pasadena,Harris,4204
77510,Santa Fe,Galveston,4204
77511,Alvin,Brazoria,4204
77512,Alvin,Brazoria,4204
77514,Anahuac,Chambers,4204
77515,Angleton,Brazoria,4204
77516,Angleton,Brazoria,4204
77517,Santa Fe,Galveston,4204
77518,Bacliff,Galveston,4204
77519,Batson,Hardin,4203
77520,Baytown,Harris,4204
77521,Baytown,Harris,4204
77522,Baytown,Harris,4204
77523,Baytown,Chambers,4204
77530,Channelview,Harris,4204
77531,Clute,Brazoria,4204
77532,Crosby,Harris,4204
77533,Daisetta,Liberty,4203
77534,Danbury,Brazoria,4204
77535,Dayton,Liberty,4203
77536,Deer Park,Harris,4204
77538,Devers,Liberty,4203
77539,Dickinson,Galveston,4204
77541,Freeport,Brazoria,4204
77542,Freeport,Brazoria,4204
77545,Fresno,Fort Bend,4204
77546,Friendswood,Galveston,4204
77547,Galena Park,Harris,4204
77549,Friendswood,Galveston,4204
77550,Galveston,Galveston,4204
77551,Galveston,Galveston,4204
77552,Galveston,Galveston,4204
77553,Galveston,Galveston,4204
77554,Galveston,Galveston,4204
77555,Galveston,Galveston,4204
77560,Hankamer,Chambers,4204
77561,Hardin,Liberty,4203
77562,Highlands,Harris,4204
77563,Hitchcock,Galveston,4204
77564,Hull,Liberty,4203
77565,Kemah,Galveston,4204
77566,Lake Jackson,Brazoria,4204
77568,La Marque,Galveston,4204
77571,La Porte,Harris,4204
77572,La Porte,Harris,4204
77573,League City,Galveston,4204
77574,League City,Galveston,4204
77575,Liberty,Liberty,4203
77577,Liverpool,Brazoria,4204
77578,Manvel,Brazoria,4204
77580,Mont Belvieu,Chambers,4204
77581,Pearland,Brazoria,4204
77582,Raywood,Liberty,4203
77583,Rosharon,Brazoria,4204
77584,Pearland,Brazoria,4204
77585,Saratoga,Hardin,4203
77586,Seabrook,Harris,4204
77587,South Houston,Harris,4204
77588,Pearland,Brazoria,4204
77590,Texas City,Galveston,4204
77591,Texas City,Galveston,4204
77592,Texas City,Galveston,4204
77597,Wallisville,Chambers,4204
77598,Webster,Harris,4204
77611,Bridge City,Orange,4203
77612,Buna,Jasper,4203
77613,China,Jefferson,4204
77614,Deweyville,Newton,4203
77615,Evadale,Jasper,4203
77616,Fred,Tyler,4203
77617,Gilchrist,Galveston,4204
77619,Groves,Jefferson,4204
77622,Hamshire,Jefferson,4204
77623,High Island,Galveston,4204
77624,Hillister,Tyler,4203
77625,Kountze,Hardin,4203
77626,Mauriceville,Orange,4203
77627,Nederland,Jefferson,4204
77629,Nome,Jefferson,4204
77630,Orange,Orange,4203
77631,Orange,Orange,4203
77632,Orange,Orange,4203
77639,Orangefield,Orange,4203
77640,Port Arthur,Jefferson,4204
77641,Port Arthur,Jefferson,4204
77642,Port Arthur,Jefferson,4204
77643,Port Arthur,Jefferson,4204
77650,Port Bolivar,Galveston,4204
77651,Port Neches,Jefferson,4204
77655,Sabine Pass,Jefferson,4204
77656,Silsbee,Hardin,4203
77657,Lumberton,Hardin,4203
77659,Sour Lake,Hardin,4203
77660,Spurger,Tyler,4203
77661,Stowell,Chambers,4204
77662,Vidor,Orange,4203
77663,Village Mills,Hardin,4203
77664,Warren,Tyler,4203
77665,Winnie,Chambers,4204
77670,Vidor,Orange,4203
77701,Beaumont,Jefferson,4204
77702,Beaumont,Jefferson,4204
77703,Beaumont,Jefferson,4204
77704,Beaumont,Jefferson,4204
77705,Beaumont,Jefferson,4204
77706,Beaumont,Jefferson,4204
77707,Beaumont,Jefferson,4204
77708,Beaumont,Jefferson,4204
77709,Beaumont,Jefferson,4204
77710,Beaumont,Jefferson,4204
77713,Beaumont,Jefferson,4204
77720,Beaumont,Jefferson,4204
77725,Beaumont,Jefferson,4204
77726,Beaumont,Jefferson,4204
77801,Bryan,Brazos,4203
77802,Bryan,Brazos,4203
77803,Bryan,Brazos,4203
77805,Bryan,Brazos,4203
77806,Bryan,Brazos,4203
77807,Bryan,Brazos,4203
77808,Bryan,Brazos,4203
77830,Anderson,Grimes,4203
77831,Bedias,Grimes,4203
77833,Brenham,Washington,4203
77834,Brenham,Washington,4203
77835,Burton,Washington,4203
77836,Caldwell,Burleson,4203
77837,Calvert,Robertson,4203
77838,Chriesman,Burleson,4203
77840,College Station,Brazos,4203
77841,College Station,Brazos,4203
77842,College Station,Brazos,4203
77843,College Station,Brazos,4203
77844,College Station,Brazos,4203
77845,College Station,Brazos,4203
77850,Concord,Leon,4203
77852,Deanville,Burleson,4203
77853,Dime Box,Lee,4203
77855,Flynn,Leon,4203
77856,Franklin,Robertson,4203
77857,Gause,Milam,4203
77859,Hearne,Robertson,4203
77861,Iola,Grimes,4203
77862,Kurten,Brazos,4203
77863,Lyons,Burleson,4203
77864,Madisonville,Madison,4203
77865,Marquez,Leon,4203
77866,Millican,Brazos,4203
77867,Mumford,Robertson,4203
77868,Navasota,Grimes,4203
77869,Navasota,Grimes,4203
77870,New Baden,Robertson,4203
77871,Normangee,Leon,4203
77872,North Zulch,Madison,4203
77873,Richards,Grimes,4203
77875,Roans Prairie,Grimes,4203
77876,Shiro,Grimes,4203
77878,Snook,Burleson,4203
77879,Somerville,Burleson,4203
77880,Washington,Washington,4203
77881,Wellborn,Brazos,4203
77882,Wheelock,Robertson,4203
77901,Victoria,Victoria,4204
77902,Victoria,Victoria,4204
77903,Victoria,Victoria,4204
77904,Victoria,Victoria,4204
77905,Victoria,Victoria,4204
77950,Austwell,Refugio,4204
77951,Bloomington,Victoria,4204
77954,Cuero,DeWitt,4204
77957,Edna,Jackson,4204
77960,Fannin,Goliad,4204
77961,Francitas,Jackson,4204
77962,Ganado,Jackson,4204
77963,Goliad,Goliad,4204
77964,Hallettsville,Lavaca,4204
77967,Hochheim,DeWitt,4204
77968,Inez,Victoria,4204
77969,La Salle,Jackson,4204
77970,La Ward,Jackson,4204
77971,Lolita,Jackson,4204
77973,Mcfaddin,Victoria,4204
77974,Meyersville,Victoria,4204
77975,Moulton,Lavaca,4204
77976,Nursery,Victoria,4204
77977,Placedo,Victoria,4204
77978,Point Comfort,Calhoun,4204
77979,Port Lavaca,Calhoun,4204
77982,Port O Connor,Calhoun,4204
77983,Seadrift,Calhoun,4204
77984,Shiner,Lavaca,4204
77986,Sublime,Lavaca,4204
77987,Sweet Home,Lavaca,4204
77988,Telferner,Victoria,4204
77989,Thomaston,DeWitt,4204
77990,Tivoli,Refugio,4204
77991,Vanderbilt,Jackson,4204
77993,Weesatche,Goliad,4204
77994,Westhoff,DeWitt,4204
77995,Yoakum,Lavaca,4204
78001,Artesia Wells,La Salle,4204
78002,Atascosa,Bexar,4204
78003,Bandera,Bandera,4204
78004,Bergheim,Kendall,4204
78005,Bigfoot,Frio,4204
78006,Boerne,Kendall,4204
78007,Calliham,McMullen,4204
78008,Campbellton,Atascosa,4204
78009,Castroville,Medina,4204
78010,Center Point,Kerr,4204
78011,Charlotte,Atascosa,4204
78012,Christine,Atascosa,4204
78013,Comfort,Kendall,4204
78014,Cotulla,La Salle,4204
78015,Boerne,Bexar,4204
78016,Devine,Medina,4204
78017,Dilley,Frio,4204
78019,Encinal,La Salle,4204
78021,Fowlerton,La Salle,4204
78022,George West,Live Oak,4204
78023,Helotes,Bexar,4204
78024,Hunt,Kerr,4204
78025,Ingram,Kerr,4204
78026,Jourdanton,Atascosa,4204
78027,Kendalia,Kendall,4204
78028,Kerrville,Kerr,4204
78029,Kerrville,Kerr,4204
78039,La Coste,Medina,4204
78040,Laredo,Webb,4205
78041,Laredo,Webb,4205
78042,Laredo,Webb,4205
78043,Laredo,Webb,4205
78044,Laredo,Webb,4205
78045,Laredo,Webb,4205
78046,Laredo,Webb,4205
78049,Laredo,Webb,4205
78050,Leming,Atascosa,4204
78052,Lytle,Atascosa,4204
78054,Macdona,Bexar,4204
78055,Medina,Bandera,4204
78056,Mico,Medina,4204
78057,Moore,Frio,4204
78058,Mountain Home,Kerr,4204
78059,Natalia,Medina,4204
78060,Oakville,Live Oak,4204
78061,Pearsall,Frio,4204
78062,Peggy,Atascosa,4204
78063,Pipe Creek,Bandera,4204
78064,Pleasanton,Atascosa,4204
78065,Poteet,Atascosa,4204
78066,Rio Medina,Medina,4204
78067,San Ygnacio,Zapata,4205
78069,Somerset,Atascosa,4204
78070,Spring Branch,Comal,4204
78071,Three Rivers,Live Oak,4204
78072,Tilden,McMullen,4204
78073,Von Ormy,Bexar,4204
78074,Waring,Kendall,4204
78075,Whitsett,Live Oak,4204
78076,Zapata,Zapata,4205
78101,Adkins,Wilson,4204
78102,Beeville,Bee,4204
78104,Beeville,Bee,4204
78107,Berclair,Goliad,4204
78108,Cibolo,Guadalupe,4204
78109,Converse,Bexar,4204
78111,Ecleto,Karnes,4204
78112,Elmendorf,Bexar,4204
78113,Falls City,Wilson,4204
78114,Floresville,Wilson,4204
78115,Geronimo,Guadalupe,4204
78116,Gillett,Karnes,4204
78117,Hobson,Karnes,4204
78118,Karnes City,Karnes,4204
78119,Kenedy,Karnes,4204
78121,La Vernia,Wilson,4204
78122,Leesville,Gonzales,4204
78123,Mc Queeney,Guadalupe,4204
78124,Marion,Guadalupe,4204
78125,Mineral,Bee,4204
78130,New Braunfels,Comal,4204
78131,New Braunfels,Comal,4204
78132,New Braunfels,Comal,4204
78133,Canyon Lake,Comal,4204
78135,New Braunfels,Comal,4204
78140,Nixon,Gonzales,4204
78141,Nordheim,DeWitt,4204
78142,Normanna,Bee,4204
78143,Pandora,Wilson,4204
78144,Panna Maria,Karnes,4204
78145,Pawnee,Bee,4204
78146,Pettus,Bee,4204
78147,Poth,Wilson,4204
78148,Universal City,Bexar,4204
78150,Jbsa Randolph,Bexar,4204
78151,Runge,Karnes,4204
78152,Saint Hedwig,Bexar,4204
78154,Schertz,Guadalupe,4204
78155,Seguin,Guadalupe,4204
78156,Seguin,Guadalupe,4204
78159,Smiley,Gonzales,4204
78160,Stockdale,Wilson,4204
78161,Sutherland Springs,Wilson,4204
78162,Tuleta,Bee,4204
78163,Bulverde,Comal,4204
78164,Yorktown,DeWitt,4204
78201,San Antonio,Bexar,4204
78202,San Antonio,Bexar,4204
78203,San Antonio,Bexar,4204
78204,San Antonio,Bexar,4204
78205,San Antonio,Bexar,4204
78206,San Antonio,Bexar,4204
78207,San Antonio,Bexar,4204
78208,San Antonio,Bexar,4204
78209,San Antonio,Bexar,4204
78210,San Antonio,Bexar,4204
78211,San Antonio,Bexar,4204
78212,San Antonio,Bexar,4204
78213,San Antonio,Bexar,4204
78214,San Antonio,Bexar,4204
78215,San Antonio,Bexar,4204
78216,San Antonio,Bexar,4204
78217,San Antonio,Bexar,4204
78218,San Antonio,Bexar,4204
78219,San Antonio,Bexar,4204
78220,San Antonio,Bexar,4204
78221,San Antonio,Bexar,4204
78222,San Antonio,Bexar,4204
78223,San Antonio,Bexar,4204
78224,San Antonio,Bexar,4204
78225,San Antonio,Bexar,4204
78226,San Antonio,Bexar,4204
78227,San Antonio,Bexar,4204
78228,San Antonio,Bexar,4204
78229,San Antonio,Bexar,4204
78230,San Antonio,Bexar,4204
78231,San Antonio,Bexar,4204
78232,San Antonio,Bexar,4204
78233,San Antonio,Bexar,4204
78234,Jbsa Ft Sam Houston,Bexar,4204
78235,San Antonio,Bexar,4204
78236,Jbsa Lackland,Bexar,4204
78237,San Antonio,Bexar,4204
78238,San Antonio,Bexar,4204
78239,San Antonio,Bexar,4204
78240,San Antonio,Bexar,4204
78241,San Antonio,Bexar,4204
78242,San Antonio,Bexar,4204
78243,San Antonio,Bexar,4204
78244,San Antonio,Bexar,4204
78245,San Antonio,Bexar,4204
78246,San Antonio,Bexar,4204
78247,San Antonio,Bexar,4204
78248,San Antonio,Bexar,4204
78249,San Antonio,Bexar,4204
78250,San Antonio,Bexar,4204
78251,San Antonio,Bexar,4204
78252,San Antonio,Bexar,4204
78253,San Antonio,Bexar,4204
78254,San Antonio,Bexar,4204
78255,San Antonio,Bexar,4204
78256,San Antonio,Bexar,4204
78257,San Antonio,Bexar,4204
78258,San Antonio,Bexar,4204
78259,San Antonio,Bexar,4204
78260,San Antonio,Bexar,4204
78261,San Antonio,Bexar,4204
78262,San Antonio,Bexar,4204
78263,San Antonio,Bexar,4204
78264,San Antonio,Bexar,4204
78265,San Antonio,Bexar,4204
78266,San Antonio,Comal,4204
78268,San Antonio,Bexar,4204
78269,San Antonio,Bexar,4204
78270,San Antonio,Bexar,4204
78275,San Antonio,Bexar,4204
78278,San Antonio,Bexar,4204
78279,San Antonio,Bexar,4204
78280,San Antonio,Bexar,4204
78283,San Antonio,Bexar,4204
78284,San Antonio,Bexar,4204
78285,San Antonio,Bexar,4204
78286,San Antonio,Bexar,4204
78287,San Antonio,Bexar,4204
78288,San Antonio,Bexar,4204
78289,San Antonio,Bexar,4204
78291,San Antonio,Bexar,4204
78292,San Antonio,Bexar,4204
78293,San Antonio,Bexar,4204
78294,San Antonio,Bexar,4204
78295,San Antonio,Bexar,4204
78296,San Antonio,Bexar,4204
78297,San Antonio,Bexar,4204
78298,San Antonio,Bexar,4204
78299,San Antonio,Bexar,4204
78330,Agua Dulce,Nueces,4205
78332,Alice,Jim Wells,4205
78333,Alice,Jim Wells,4205
78335,Aransas Pass,Nueces,4205
78336,Aransas Pass,San Patricio,4205
78338,Armstrong,Kenedy,4205
78339,Banquete,Nueces,4205
78340,Bayside,Refugio,4204
78341,Benavides,Duval,4205
78342,Ben Bolt,Jim Wells,4205
78343,Bishop,Nueces,4205
78344,Bruni,Webb,4205
78347,Chapman Ranch,Nueces,4205
78349,Concepcion,Duval,4205
78350,Dinero,Live Oak,4204
78351,Driscoll,Nueces,4205
78352,Edroy,San Patricio,4205
78353,Encino,Brooks,4205
78355,Falfurrias,Brooks,4205
78357,Freer,Duval,4205
78358,Fulton,Aransas,4204
78359,Gregory,San Patricio,4205
78360,Guerra,Jim Hogg,4205
78361,Hebbronville,Jim Hogg,4205
78362,Ingleside,San Patricio,4205
78363,Kingsville,Kleberg,4205
78364,Kingsville,Kleberg,4205
78368,Mathis,San Patricio,4205
78369,Mirando City,Webb,4205
78370,Odem,San Patricio,4205
78371,Oilton,Webb,4205
78372,Orange Grove,Jim Wells,4205
78373,Port Aransas,Nueces,4205
78374,Portland,San Patricio,4205
78375,Premont,Jim Wells,4205
78376,Realitos,Duval,4205
78377,Refugio,Refugio,4204
78379,Riviera,Kleberg,4205
78380,Robstown,Nueces,4205
78381,Rockport,Aransas,4204
78382,Rockport,Aransas,4204
78383,Sandia,Jim Wells,4205
78384,San Diego,Duval,4205
78385,Sarita,Kenedy,4205
78387,Sinton,San Patricio,4205
78389,Skidmore,Bee,4204
78390,Taft,San Patricio,4205
78391,Tynan,Bee,4204
78393,Woodsboro,Refugio,4204
78401,Corpus Christi,Nueces,4205
78402,Corpus Christi,Nueces,4205
78403,Corpus Christi,Nueces,4205
78404,Corpus Christi,Nueces,4205
78405,Corpus Christi,Nueces,4205
78406,Corpus Christi,Nueces,4205
78407,Corpus Christi,Nueces,4205
78408,Corpus Christi,Nueces,4205
78409,Corpus Christi,Nueces,4205
78410,Corpus Christi,Nueces,4205
78411,Corpus Christi,Nueces,4205
78412,Corpus Christi,Nueces,4205
78413,Corpus Christi,Nueces,4205
78414,Corpus Christi,Nueces,4205
78415,Corpus Christi,Nueces,4205
78416,Corpus Christi,Nueces,4205
78417,Corpus Christi,Nueces,4205
78418,Corpus Christi,Nueces,4205
78419,Corpus Christi,Nueces,4205
78426,Corpus Christi,Nueces,4205
78427,Corpus Christi,Nueces,4205
78460,Corpus Christi,Nueces,4205
78461,Corpus Christi,Nueces,4205
78463,Corpus Christi,Nueces,4205
78465,Corpus Christi,Nueces,4205
78466,Corpus Christi,Nueces,4205
78467,Corpus Christi,Nueces,4205
78468,Corpus Christi,Nueces,4205
78469,Corpus Christi,Nueces,4205
78470,Corpus Christi,Nueces,4205
78471,Corpus Christi,Nueces,4205
78472,Corpus Christi,Nueces,4205
78473,Corpus Christi,Nueces,4205
78474,Corpus Christi,Nueces,4205
78475,Corpus Christi,Nueces,4205
78476,Corpus Christi,Nueces,4205
78477,Corpus Christi,Nueces,4205
78478,Corpus Christi,Nueces,4205
78480,Corpus Christi,Nueces,4205
78501,Mcallen,Hidalgo,4205
78502,Mcallen,Hidalgo,4205
78503,Mcallen,Hidalgo,4205
78504,Mcallen,Hidalgo,4205
78505,Mcallen,Hidalgo,4205
78516,Alamo,Hidalgo,4205
78520,Brownsville,Cameron,4205
78521,Brownsville,Cameron,4205
78522,Brownsville,Cameron,4205
78523,Brownsville,Cameron,4205
78526,Brownsville,Cameron,4205
78535,Combes,Cameron,4205
78536,Delmita,Starr,4205
78537,Donna,Hidalgo,4205
78538,Edcouch,Hidalgo,4205
78539,Edinburg,Hidalgo,4205
78540,Edinburg,Hidalgo,4205
78541,Edinburg,Hidalgo,4205
78542,Edinburg,Hidalgo,4205
78543,Elsa,Hidalgo,4205
78545,Falcon Heights,Starr,4205
78547,Garciasville,Starr,4205
78548,Grulla,Starr,4205
78549,Hargill,Hidalgo,4205
78550,Harlingen,Cameron,4205
78551,Harlingen,Cameron,4205
78552,Harlingen,Cameron,4205
78553,Harlingen,Cameron,4205
78557,Hidalgo,Hidalgo,4205
78558,La Blanca,Hidalgo,4205
78559,La Feria,Cameron,4205
78560,La Joya,Hidalgo,4205
78561,Lasara,Willacy,4205
78562,La Villa,Hidalgo,4205
78563,Linn,Hidalgo,4205
78564,Lopeno,Zapata,4205
78565,Los Ebanos,Hidalgo,4205
78566,Los Fresnos,Cameron,4205
78567,Los Indios,Cameron,4205
78568,Lozano,Cameron,4205
78569,Lyford,Willacy,4205
78570,Mercedes,Hidalgo,4205
78572,Mission,Hidalgo,4205
78573,Mission,Hidalgo,4205
78574,Mission,Hidalgo,4205
78575,Olmito,Cameron,4205
78576,Penitas,Hidalgo,4205
78577,Pharr,Hidalgo,4205
78578,Port Isabel,Cameron,4205
78579,Progreso,Hidalgo,4205
78580,Raymondville,Willacy,4205
78582,Rio Grande City,Starr,4205
78583,Rio Hondo,Cameron,4205
78584,Roma,Starr,4205
78585,Salineno,Starr,4205
78586,San Benito,Cameron,4205
78588,San Isidro,Starr,4205
78589,San Juan,Hidalgo,4205
78590,San Perlita,Willacy,4205
78591,Santa Elena,Starr,4205
78592,Santa Maria,Cameron,4205
78593,Santa Rosa,Cameron,4205
78594,Sebastian,Willacy,4205
78595,Sullivan City,Hidalgo,4205
78596,Weslaco,Hidalgo,4205
78597,South Padre Island,Cameron,4205
78598,Port Mansfield,Willacy,4205
78599,Weslaco,Hidalgo,4205
78602,Bastrop,Bastrop,4203
78604,Belmont,Gonzales,4204
78605,Bertram,Burnet,4203
78606,Blanco,Blanco,4203
78607,Bluffton,Llano,4203
78608,Briggs,Burnet,4203
78609,Buchanan Dam,Llano,4203
78610,Buda,Hays,4204
78611,Burnet,Burnet,4203
78612,Cedar Creek,Bastrop,4203
78613,Cedar Park,Williamson,4203
78614,Cost,Gonzales,4204
78615,Coupland,Travis,4203
78616,Dale,Caldwell,4204
78617,Del Valle,Travis,4203
78618,Doss,Gillespie,4203
78619,Driftwood,Hays,4204
78620,Dripping Springs,Hays,4204
78621,Elgin,Bastrop,4203
78622,Fentress,Caldwell,4204
78623,Fischer,Comal,4204
78624,Fredericksburg,Gillespie,4203
78626,Georgetown,Williamson,4203
78627,Georgetown,Williamson,4203
78628,Georgetown,Williamson,4203
78629,Gonzales,Gonzales,4204
78630,Cedar Park,Williamson,4203
78631,Harper,Gillespie,4203
78632,Harwood,Gonzales,4204
78633,Georgetown,Williamson,4203
78634,Hutto,Williamson,4203
78635,Hye,Blanco,4203
78636,Johnson City,Blanco,4203
78638,Kingsbury,Guadalupe,4204
78639,Kingsland,Llano,4203
78640,Kyle,Hays,4204
78641,Leander,Williamson,4203
78642,Liberty Hill,Williamson,4203
78643,Llano,Llano,4203
78644,Lockhart,Caldwell,4204
78645,Leander,Travis,4203
78646,Leander,Williamson,4203
78648,Luling,Caldwell,4204
78650,Mc Dade,Bastrop,4203
78651,Mc Neil,Williamson,4203
78652,Manchaca,Travis,4203
78653,Manor,Travis,4203
78654,Marble Falls,Burnet,4203
78655,Martindale,Caldwell,4204
78656,Maxwell,Caldwell,4204
78657,Horseshoe Bay,Llano,4203
78658,Ottine,Gonzales,4204
78659,Paige,Bastrop,4203
78660,Pflugerville,Travis,4203
78661,Prairie Lea,Caldwell,4204
78662,Red Rock,Bastrop,4203
78663,Round Mountain,Blanco,4203
78664,Round Rock,Williamson,4203
78665,Round Rock,Williamson,4203
78666,San Marcos,Hays,4204
78667,San Marcos,Hays,4204
78669,Spicewood,Travis,4203
78670,Staples,Guadalupe,4204
78671,Stonewall,Gillespie,4203
78672,Tow,Llano,4203
78673,Walburg,Williamson,4203
78674,Weir,Williamson,4203
78675,Willow City,Gillespie,4203
78676,Wimberley,Hays,4204
78677,Wrightsboro,Gonzales,4204
78680,Round Rock,Williamson,4203
78681,Round Rock,Williamson,4203
78682,Round Rock,Williamson,4203
78683,Round Rock,Williamson,4203
78691,Pflugerville,Travis,4203
78701,Austin,Travis,4203
78702,Austin,Travis,4203
78703,Austin,Travis,4203
78704,Austin,Travis,4203
78705,Austin,Travis,4203
78708,Austin,Travis,4203
78709,Austin,Travis,4203
78710,Austin,Travis,4203
78711,Austin,Travis,4203
78712,Austin,Travis,4203
78713,Austin,Travis,4203
78714,Austin,Travis,4203
78715,Austin,Travis,4203
78716,Austin,Travis,4203
78717,Austin,Williamson,4203
78718,Austin,Travis,4203
78719,Austin,Travis,4203
78720,Austin,Travis,4203
78721,Austin,Travis,4203
78722,Austin,Travis,4203
78723,Austin,Travis,4203
78724,Austin,Travis,4203
78725,Austin,Travis,4203
78726,Austin,Travis,4203
78727,Austin,Travis,4203
78728,Austin,Travis,4203
78729,Austin,Williamson,4203
78730,Austin,Travis,4203
78731,Austin,Travis,4203
78732,Austin,Travis,4203
78733,Austin,Travis,4203
78734,Austin,Travis,4203
78735,Austin,Travis,4203
78736,Austin,Travis,4203
78737,Austin,Hays,4204
78738,Austin,Travis,4203
78739,Austin,Travis,4203
78741,Austin,Travis,4203
78742,Austin,Travis,4203
78744,Austin,Travis,4203
78745,Austin,Travis,4203
78746,Austin,Travis,4203
78747,Austin,Travis,4203
78748,Austin,Travis,4203
78749,Austin,Travis,4203
78750,Austin,Travis,4203
78751,Austin,Travis,4203
78752,Austin,Travis,4203
78753,Austin,Travis,4203
78754,Austin,Travis,4203
78755,Austin,Travis,4203
78756,Austin,Travis,4203
78757,Austin,Travis,4203
78758,Austin,Travis,4203
78759,Austin,Travis,4203
78760,Austin,Travis,4203
78761,Austin,Travis,4203
78762,Austin,Travis,4203
78763,Austin,Travis,4203
78764,Austin,Travis,4203
78765,Austin,Travis,4203
78766,Austin,Travis,4203
78767,Austin,Travis,4203
78768,Austin,Travis,4203
78769,Austin,Travis,4203
78772,Austin,Travis,4203
78773,Austin,Travis,4203
78774,Austin,Travis,4203
78778,Austin,Travis,4203
78779,Austin,Travis,4203
78780,Austin,Travis,4203
78781,Austin,Travis,4203
78783,Austin,Travis,4203
78785,Austin,Travis,4203
78786,Austin,Travis,4203
78788,Austin,Travis,4203
78789,Austin,Travis,4203
78798,Austin,Travis,4203
78799,Austin,Travis,4203
78801,Uvalde,Uvalde,4204
78802,Uvalde,Uvalde,4204
78827,Asherton,Dimmit,4204
78828,Barksdale,Edwards,4204
78829,Batesville,Zavala,4204
78830,Big Wells,Dimmit,4204
78832,Brackettville,Kinney,4204
78833,Camp Wood,Real,4204
78834,Carrizo Springs,Dimmit,4204
78836,Catarina,Dimmit,4204
78837,Comstock,Val Verde,4204
78838,Concan,Uvalde,4204
78839,Crystal City,Zavala,4204
78840,Del Rio,Val Verde,4204
78841,Del Rio,Val Verde,4204
78842,Del Rio,Val Verde,4204
78843,Laughlin AFB,Val Verde,4204
78847,Del Rio,Val Verde,4204
78850,D Hanis,Medina,4204
78851,Dryden,Terrell,4204
78852,Eagle Pass,Maverick,4204
78853,Eagle Pass,Maverick,4204
78860,El Indio,Maverick,4204
78861,Hondo,Medina,4204
78870,Knippa,Uvalde,4204
78871,Langtry,Val Verde,4204
78872,La Pryor,Zavala,4204
78873,Leakey,Real,4204
78877,Quemado,Maverick,4204
78879,Rio Frio,Real,4204
78880,Rocksprings,Edwards,4204
78881,Sabinal,Uvalde,4204
78883,Tarpley,Bandera,4204
78884,Utopia,Uvalde,4204
78885,Vanderpool,Bandera,4204
78886,Yancey,Medina,4204
78931,Bleiblerville,Austin,4204
78932,Carmine,Fayette,4204
78933,Cat Spring,Austin,4204
78934,Columbus,Colorado,4204
78935,Alleyton,Colorado,4204
78938,Ellinger,Fayette,4204
78940,Fayetteville,Fayette,4204
78941,Flatonia,Fayette,4204
78942,Giddings,Lee,4203
78943,Glidden,Colorado,4204
78944,Industry,Austin,4204
78945,La Grange,Fayette,4204
78946,Ledbetter,Lee,4203
78947,Lexington,Lee,4203
78948,Lincoln,Lee,4203
78949,Muldoon,Fayette,4204
78950,New Ulm,Austin,4204
78951,Oakland,Colorado,4204
78952,Plum,Fayette,4204
78953,Rosanky,Bastrop,4203
78954,Round Top,Fayette,4204
78956,Schulenburg,Fayette,4204
78957,Smithville,Bastrop,4203
78959,Waelder,Gonzales,4204
78960,Warda,Fayette,4204
78961,Warrenton,Fayette,4204
78962,Weimar,Colorado,4204
78963,West Point,Fayette,4204
79001,Adrian,Oldham,4201
79002,Alanreed,Gray,4201
79003,Allison,Wheeler,4201
79005,Booker,Lipscomb,4201
79007,Borger,Hutchinson,4201
79008,Borger,Hutchinson,4201
79009,Bovina,Parmer,4201
79010,Boys Ranch,Potter,4201
79011,Briscoe,Wheeler,4201
79012,Bushland,Randall,4201
79013,Cactus,Moore,4201
79014,Canadian,Hemphill,4201
79015,Canyon,Randall,4201
79016,Canyon,Randall,4201
79018,Channing,Hartley,4201
79019,Claude,Armstrong,4201
79021,Cotton Center,Hale,4202
79022,Dalhart,Dallam,4201
79024,Darrouzett,Lipscomb,4201
79025,Dawn,Deaf Smith,4201
79027,Dimmitt,Castro,4201
79029,Dumas,Moore,4201
79031,Earth,Lamb,4202
79032,Edmonson,Hale,4202
79033,Farnsworth,Ochiltree,4201
79034,Follett,Lipscomb,4201
79035,Friona,Parmer,4201
79036,Fritch,Hutchinson,4201
79039,Groom,Carson,4201
79040,Gruver,Hansford,4201
79041,Hale Center,Hale,4202
79042,Happy,Swisher,4201
79043,Hart,Castro,4201
79044,Hartley,Hartley,4201
79045,Hereford,Deaf Smith,4201
79046,Higgins,Lipscomb,4201
79051,Kerrick,Dallam,4201
79052,Kress,Swisher,4201
79053,Lazbuddie,Parmer,4201
79054,Lefors,Gray,4201
79056,Lipscomb,Lipscomb,4201
79057,Mclean,Gray,4201
79058,Masterson,Potter,4201
79059,Miami,Roberts,4201
79061,Mobeetie,Wheeler,4201
79062,Morse,Hansford,4201
79063,Nazareth,Castro,4201
79064,Olton,Lamb,4202
79065,Pampa,Gray,4201
79066,Pampa,Gray,4201
79068,Panhandle,Carson,4201
79070,Perryton,Ochiltree,4201
79072,Plainview,Hale,4202
79073,Plainview,Hale,4202
79077,Samnorwood,Collingsworth,4201
79078,Sanford,Hutchinson,4201
79079,Shamrock,Wheeler,4201
79080,Skellytown,Carson,4201
79081,Spearman,Hansford,4201
79082,Springlake,Lamb,4202
79083,Stinnett,Hutchinson,4201
79084,Stratford,Sherman,4201
79085,Summerfield,Castro,4201
79086,Sunray,Moore,4201
79087,Texline,Dallam,4201
79088,Tulia,Swisher,4201
79091,Umbarger,Randall,4201
79092,Vega,Oldham,4201
79093,Waka,Ochiltree,4201
79094,Wayside,Armstrong,4201
79095,Wellington,Collingsworth,4201
79096,Wheeler,Wheeler,4201
79097,White Deer,Carson,4201
79098,Wildorado,Oldham,4201
79101,Amarillo,Potter,4201
79102,Amarillo,Potter,4201
79103,Amarillo,Potter,4201
79104,Amarillo,Potter,4201
79105,Amarillo,Moore,4201
79106,Amarillo,Potter,4201
79107,Amarillo,Potter,4201
79108,Amarillo,Potter,4201
79109,Amarillo,Randall,4201
79110,Amarillo,Randall,4201
79111,Amarillo,Potter,4201
79114,Amarillo,Potter,4201
79116,Amarillo,Potter,4201
79117,Amarillo,Potter,4201
79118,Amarillo,Randall,4201
79119,Amarillo,Randall,4201
79120,Amarillo,Potter,4201
79121,Amarillo,Randall,4201
79124,Amarillo,Potter,4201
79159,Amarillo,Potter,4201
79166,Amarillo,Potter,4201
79168,Amarillo,Potter,4201
79172,Amarillo,Potter,4201
79174,Amarillo,Potter,4201
79178,Amarillo,Potter,4201
79185,Amarillo,Potter,4201
79187,Amarillo,Potter,4201
79189,Amarillo,Potter,4201
79201,Childress,Childress,4201
79220,Afton,Dickens,4202
79221,Aiken,Floyd,4202
79223,Cee Vee,Cottle,4202
79225,Chillicothe,Hardeman,4202
79226,Clarendon,Donley,4201
79227,Crowell,Foard,4202
79229,Dickens,Dickens,4202
79230,Dodson,Collingsworth,4201
79231,Dougherty,Floyd,4202
79233,Estelline,Hall,4201
79234,Flomot,Motley,4202
79235,Floydada,Floyd,4202
79236,Guthrie,King,4202
79237,Hedley,Donley,4201
79239,Lakeview,Hall,4201
79240,Lelia Lake,Donley,4201
79241,Lockney,Floyd,4202
79243,Mcadoo,Dickens,4202
79244,Matador,Motley,4202
79245,Memphis,Hall,4201
79247,Odell,Wilbarger,4202
79248,Paducah,Cottle,4202
79250,Petersburg,Hale,4202
79251,Quail,Collingsworth,4201
79252,Quanah,Hardeman,4202
79255,Quitaque,Briscoe,4201
79256,Roaring Springs,Motley,4202
79257,Silverton,Briscoe,4201
79258,South Plains,Floyd,4202
79259,Tell,Childress,4201
79261,Turkey,Hall,4201
79311,Abernathy,Hale,4202
79312,Amherst,Lamb,4202
79313,Anton,Hockley,4202
79314,Bledsoe,Cochran,4202
79316,Brownfield,Terry,4202
79320,Bula,Bailey,4202
79322,Crosbyton,Crosby,4202
79323,Denver City,Yoakum,4202
79324,Enochs,Bailey,4202
79325,Farwell,Parmer,4201
79326,Fieldton,Lamb,4202
79329,Idalou,Lubbock,4202
79330,Justiceburg,Garza,4202
79331,Lamesa,Dawson,4202
79336,Levelland,Hockley,4202
79338,Levelland,Hockley,4202
79339,Littlefield,Lamb,4202
79342,Loop,Gaines,4202
79343,Lorenzo,Crosby,4202
79344,Maple,Bailey,4202
79345,Meadow,Terry,4202
79346,Morton,Cochran,4202
79347,Muleshoe,Bailey,4202
79350,New Deal,Lubbock,4202
79351,Odonnell,Lynn,4202
79353,Pep,Hockley,4202
79355,Plains,Yoakum,4202
79356,Post,Garza,4202
79357,Ralls,Crosby,4202
79358,Ropesville,Hockley,4202
79359,Seagraves,Gaines,4202
79360,Seminole,Gaines,4202
79363,Shallowater,Lubbock,4202
79364,Slaton,Lubbock,4202
79366,Ransom Canyon,Lubbock,4202
79367,Smyer,Hockley,4202
79369,Spade,Lamb,4202
79370,Spur,Dickens,4202
79371,Sudan,Lamb,4202
79372,Sundown,Hockley,4202
79373,Tahoka,Lynn,4202
79376,Tokio,Terry,4202
79377,Welch,Dawson,4202
79378,Wellman,Terry,4202
79379,Whiteface,Cochran,4202
79380,Whitharral,Hockley,4202
79381,Wilson,Lynn,4202
79382,Wolfforth,Lubbock,4202
79383,New Home,Lynn,4202
79401,Lubbock,Lubbock,4202
79402,Lubbock,Lubbock,4202
79403,Lubbock,Lubbock,4202
79404,Lubbock,Lubbock,4202
79405,Lubbock,Lubbock,4202
79406,Lubbock,Lubbock,4202
79407,Lubbock,Lubbock,4202
79408,Lubbock,Lubbock,4202
79409,Lubbock,Lubbock,4202
79410,Lubbock,Lubbock,4202
79411,Lubbock,Lubbock,4202
79412,Lubbock,Lubbock,4202
79413,Lubbock,Lubbock,4202
79414,Lubbock,Lubbock,4202
79415,Lubbock,Lubbock,4202
79416,Lubbock,Lubbock,4202
79423,Lubbock,Lubbock,4202
79424,Lubbock,Lubbock,4202
79430,Lubbock,Lubbock,4202
79452,Lubbock,Lubbock,4202
79453,Lubbock,Lubbock,4202
79457,Lubbock,Lubbock,4202
79464,Lubbock,Lubbock,4202
79490,Lubbock,Lubbock,4202
79491,Lubbock,Lubbock,4202
79493,Lubbock,Lubbock,4202
79499,Lubbock,Lubbock,4202
79501,Anson,Jones,4202
79502,Aspermont,Stonewall,4202
79503,Avoca,Jones,4202
79504,Baird,Callahan,4202
79505,Benjamin,Knox,4202
79506,Blackwell,Nolan,4202
79508,Buffalo Gap,Taylor,4202
79510,Clyde,Callahan,4202
79511,Coahoma,Howard,4202
79512,Colorado City,Mitchell,4202
79516,Dunn,Scurry,4202
79517,Fluvanna,Scurry,4202
79518,Girard,Kent,4202
79519,Goldsboro,Coleman,4203
79520,Hamlin,Jones,4202
79521,Haskell,Haskell,4202
79525,Hawley,Jones,4202
79526,Hermleigh,Scurry,4202
79527,Ira,Scurry,4202
79528,Jayton,Kent,4202
79529,Knox City,Knox,4202
79530,Lawn,Taylor,4202
79532,Loraine,Mitchell,4202
79533,Lueders,Jones,4202
79534,Mc Caulley,Fisher,4202
79535,Maryneal,Nolan,4202
79536,Merkel,Taylor,4202
79537,Nolan,Nolan,4202
79538,Novice,Coleman,4203
79539,O Brien,Haskell,4202
79540,Old Glory,Stonewall,4202
79541,Ovalo,Taylor,4202
79543,Roby,Fisher,4202
79544,Rochester,Haskell,4202
79545,Roscoe,Nolan,4202
79546,Rotan,Fisher,4202
79547,Rule,Haskell,4202
79548,Rule,Haskell,4202
79549,Snyder,Scurry,4202
79550,Snyder,Scurry,4202
79553,Stamford,Jones,4202
79556,Sweetwater,Nolan,4202
79560,Sylvester,Fisher,4202
79561,Trent,Taylor,4202
79562,Tuscola,Taylor,4202
79563,Tye,Taylor,4202
79565,Westbrook,Mitchell,4202
79566,Wingate,Taylor,4202
79567,Winters,Runnels,4203
79601,Abilene,Taylor,4202
79602,Abilene,Taylor,4202
79603,Abilene,Taylor,4202
79604,Abilene,Taylor,4202
79605,Abilene,Taylor,4202
79606,Abilene,Taylor,4202
79607,Dyess AFB,Taylor,4202
79608,Abilene,Taylor,4202
79697,Abilene,Taylor,4202
79698,Abilene,Taylor,4202
79699,Abilene,Taylor,4202
79701,Midland,Midland,4203
79702,Midland,Midland,4203
79703,Midland,Midland,4203
79704,Midland,Midland,4203
79705,Midland,Midland,4203
79706,Midland,Midland,4203
79707,Midland,Midland,4203
79708,Midland,Midland,4203
79710,Midland,Midland,4203
79711,Midland,Midland,4203
79712,Midland,Midland,4203
79713,Ackerly,Dawson,4202
79714,Andrews,Andrews,4202
79718,Balmorhea,Reeves,4203
79719,Barstow,Ward,4203
79720,Big Spring,Howard,4202
79721,Big Spring,Howard,4202
79730,Coyanosa,Pecos,4203
79731,Crane,Crane,4203
79733,Forsan,Howard,4202
79734,Fort Davis,Jeff Davis,4203
79735,Fort Stockton,Pecos,4203
79738,Gail,Borden,4202
79739,Garden City,Glasscock,4203
79740,Girvin,Crane,4203
79741,Goldsmith,Ector,4203
79742,Grandfalls,Ward,4203
79743,Imperial,Pecos,4203
79744,Iraan,Pecos,4203
79745,Kermit,Winkler,4203
79748,Knott,Howard,4202
79749,Lenorah,Martin,4202
79752,Mc Camey,Upton,4203
79754,Mentone,Loving,4203
79755,Midkiff,Upton,4203
79756,Monahans,Ward,4203
79758,Gardendale,Ector,4203
79759,Notrees,Ector,4203
79760,Odessa,Ector,4203
79761,Odessa,Ector,4203
79762,Odessa,Ector,4203
79763,Odessa,Ector,4203
79764,Odessa,Ector,4203
79765,Odessa,Ector,4203
79766,Odessa,Ector,4203
79768,Odessa,Ector,4203
79769,Odessa,Ector,4203
79770,Orla,Reeves,4203
79772,Pecos,Reeves,4203
79776,Penwell,Ector,4203
79777,Pyote,Ward,4203
79778,Rankin,Upton,4203
79780,Saragosa,Reeves,4203
79781,Sheffield,Pecos,4203
79782,Stanton,Martin,4202
79783,Tarzan,Martin,4202
79785,Toyah,Reeves,4203
79786,Toyahvale,Reeves,4203
79788,Wickett,Ward,4203
79789,Wink,Winkler,4203
79821,Anthony,El Paso,4203
79830,Alpine,Brewster,4204
79831,Alpine,Brewster,4204
79832,Alpine,Brewster,4204
79834,Big Bend National Park,Brewster,4204
79835,Canutillo,El Paso,4203
79836,Clint,El Paso,4203
79837,Dell City,Hudspeth,4203
79838,Fabens,El Paso,4203
79839,Fort Hancock,Hudspeth,4203
79842,Marathon,Brewster,4204
79843,Marfa,Presidio,4204
79845,Presidio,Presidio,4204
79846,Redford,Presidio,4204
79847,Salt Flat,Hudspeth,4203
79848,Sanderson,Terrell,4204
79849,San Elizario,El Paso,4203
79851,Sierra Blanca,Hudspeth,4203
79852,Terlingua,Brewster,4204
79853,Tornillo,El Paso,4203
79854,Valentine,Jeff Davis,4203
79855,Van Horn,Culberson,4203
79901,El Paso,El Paso,4203
79902,El Paso,El Paso,4203
79903,El Paso,El Paso,4203
79904,El Paso,El Paso,4203
79905,El Paso,El Paso,4203
79906,El Paso,El Paso,4203
79907,El Paso,El Paso,4203
79908,El Paso,El Paso,4203
79910,El Paso,El Paso,4203
79911,El Paso,El Paso,4203
79912,El Paso,El Paso,4203
79913,El Paso,El Paso,4203
79914,El Paso,El Paso,4203
79915,El Paso,El Paso,4203
79916,Fort Bliss,El Paso,4203
79917,El Paso,El Paso,4203
79918,Fort Bliss,El Paso,4203
79920,El Paso,El Paso,4203
79922,El Paso,El Paso,4203
79923,El Paso,El Paso,4203
79924,El Paso,El Paso,4203
79925,El Paso,El Paso,4203
79926,El Paso,El Paso,4203
79927,El Paso,El Paso,4203
79928,El Paso,El Paso,4203
79929,El Paso,El Paso,4203
79930,El Paso,El Paso,4203
79931,El Paso,El Paso,4203
79932,El Paso,El Paso,4203
79934,El Paso,El Paso,4203
79935,El Paso,El Paso,4203
79936,El Paso,El Paso,4203
79937,El Paso,El Paso,4203
79938,El Paso,El Paso,4203
79940,El Paso,El Paso,4203
79941,El Paso,El Paso,4203
79942,El Paso,Crockett,4203
79943,El Paso,El Paso,4203
79944,El Paso,El Paso,4203
79945,El Paso,El Paso,4203
79946,El Paso,El Paso,4203
79947,El Paso,El Paso,4203
79948,El Paso,El Paso,4203
79949,El Paso,El Paso,4203
79950,El Paso,El Paso,4203
79951,El Paso,El Paso,4203
79952,El Paso,El Paso,4203
79953,El Paso,El Paso,4203
79954,El Paso,El Paso,4203
79955,El Paso,El Paso,4203
79958,El Paso,El Paso,4203
79960,El Paso,El Paso,4203
79961,El Paso,El Paso,4203
79968,El Paso,El Paso,4203
79976,El Paso,El Paso,4203
79978,El Paso,El Paso,4203
79980,El Paso,El Paso,4203
79990,El Paso,El Paso,4203
79995,El Paso,El Paso,4203
79996,El Paso,El Paso,4203
79997,El Paso,El Paso,4203
79998,El Paso,El Paso,4203
79999,El Paso,El Paso,4203
